index,lat,lon,timestamp,amenity,tags,name,num_tags
0,49.2819978,-123.124346,2021-11-26T01:52:50.000-08:00,cinema,"{'brand:wikidata': 'Q2972807', 'addr:province': 'BC', 'wheelchair': 'yes', 'website': 'https://www.cineplex.com/Theatre/scotiabank-theatre-vancouver', 'payment:credit_cards': 'yes', 'brand:wikipedia': 'en:Cineplex Entertainment', 'opening_hours:covid19': 'closed', 'addr:postcode': 'V6Z 3G5', 'operator': 'Cineplex', 'addr:city': 'Vancouver', 'toilets:wheelchair': 'yes', 'addr:housenumber': '900', 'phone': '+1-604-630-1407', 'opening_hours': 'Mo-Sa 10:00-18:00+; Su 11:00-18:00+', 'is_in:city': 'Vancouver', 'addr:street': 'Burrard Street', 'payment:debit_cards': 'yes', 'wikidata': 'Q38378292', 'brand': 'Cineplex'}",Scotiabank Theatre Vancouver,19.0
2,49.2824825,-123.1214006,2019-09-18T23:00:49.000-07:00,university,"{'wheelchair': 'yes', 'website': 'https://robsonsquare.ubc.ca/', 'internet_access': 'yes', 'level': '-1;-2', 'internet_access:fee': 'no', 'addr:postcode': 'V6Z 3B7', 'operator': 'University of British Columbia', 'addr:city': 'Vancouver', 'addr:housenumber': '800', 'phone': '+1-604-822-3333', 'opening_hours': 'Mo-Fr 07:00-22:00; Sa-Su 08:00-17:00', 'internet_access:ssid': 'ubcvisitor', 'addr:street': 'Robson Street'}",UBC Robson Square,13.0
3,49.0401897,-122.2757666,2020-12-11T16:12:05.000-08:00,social_facility,"{'website': 'http://wood-knot.com', 'shop': 'doityourself', 'social_facility:for': 'disabled', 'addr:postcode': 'V2S 2C6', 'building': 'commercial', 'addr:unit': '8', 'addr:housenumber': '34220', 'phone': '+1-604-744-0400', 'second_hand': 'only', 'opening_hours': 'Mo-Fr 09:00-17:00; Sa 09:00-16:00; Su off', 'addr:street': 'South Fraser Way', 'social_facility': 'workshop'}",Wood-Knot,12.0
4,49.0582354,-122.378087,2021-11-04T01:47:15.000-07:00,cinema,"{'brand:wikidata': 'Q2972807', 'website': 'https://www.cineplex.com/Theatre/cineplex-cinemas-abbotsford-and-vip', 'level': '2', 'brand:wikipedia': 'en:Cineplex Entertainment', 'operator': 'Cineplex', 'layer': '2', 'addr:unit': 'J200', 'addr:housenumber': '3122', 'phone': '+1-604-504-9701', 'is_in:city': 'Abbotsford', 'addr:street': 'Mount Lehman Road', 'brand': 'Cineplex'}",Cineplex Cinemas Abbotsford and VIP,12.0
5,49.2349807,-123.168065,2020-10-21T16:39:13.000-07:00,social_facility,"{'addr:province': 'BC', 'wheelchair': 'yes', 'operator:type': 'private', 'website': 'https://reveraliving.com/', 'addr:housenumber': '2803', 'social_facility:for': 'senior', 'addr:street': 'West 41st Avenue', 'addr:postcode': 'V6N 4B4', 'operator': 'Revera', 'social_facility': 'nursing_home', 'addr:city': 'Vancouver'}",Crofton Manor,11.0
6,49.2242087,-122.9429583,2021-05-02T04:16:21.000-07:00,social_facility,"{'addr:province': 'BC', 'wheelchair': 'yes', 'website': 'https://www.agecare.ca/community/agecare-harmony-court', 'addr:housenumber': '7197', 'phone': '+1-604-527-3300;+1-604-527-3320', 'social_facility:for': 'senior', 'addr:street': 'Canada Way', 'operator': 'AgeCare', 'email': 'harmonycourt@agecare.ca', 'social_facility': 'nursing_home', 'addr:city': 'Burnaby'}",AgeCare Harmony Court Care Centre,11.0
7,49.2786691,-123.12646,2021-02-14T20:21:26.000-08:00,cinema,"{'addr:province': 'BC', 'website': 'http://www.thecinematheque.ca/', 'addr:housenumber': '1131', 'internet_access': 'wlan', 'phone': '+1-604-688-3456', 'old_name': 'Pacific Cinematheque', 'addr:street': 'Howe Street', 'wikidata': 'Q7122345', 'addr:postcode': 'V6Z 2L7', 'addr:city': 'Vancouver'}",The Cinematheque,10.0
8,49.2803131,-123.113161,2022-07-08T05:43:25.000-07:00,theatre,"{'addr:province': 'BC', 'wheelchair': 'yes', 'website': 'https://vancouvercivictheatres.com/venues/queen-elizabeth-theatre', 'addr:housenumber': '650', 'phone': '+1-604-665-2193', 'wikipedia': 'en:Queen Elizabeth Theatre', 'addr:street': 'Hamilton Street', 'wikidata': 'Q7270389', 'addr:postcode': 'V6B 5N6', 'addr:city': 'Vancouver'}",Queen Elizabeth Theatre,10.0
9,49.0516197,-122.3154103,2020-12-03T16:05:39.000-08:00,social_facility,"{'website': 'http://www.communitylivingbc.ca/about-us/contact/local-clbc-offices/fraser-region/abbotsford', 'alt_name': 'Community Living B.C.', 'phone': '+1-604-870-5900', 'level': '1', 'loc_name': 'CLBC', 'social_facility:for': 'disabled', 'office': 'government', 'url': 'http://www.communitylivingbc.ca', 'addr:unit': '200', 'social_facility': 'outreach'}",Community Living British Columbia,10.0
11,49.247159,-122.9752737,2021-04-30T00:33:09.000-07:00,social_facility,"{'wheelchair': 'yes', 'website': 'http://www.dania.bc.ca/residential-care/', 'addr:housenumber': '4175', 'phone': '+1-604-299-2414', 'social_facility:for': 'senior', 'addr:street': 'Norland Avenue', 'beds': '102', 'operator': 'Dania Home Society', 'email': 'info@dania.bc.ca', 'social_facility': 'nursing_home'}",Dania Home,10.0
12,49.2778798,-123.115199,2022-07-08T05:43:25.000-07:00,social_facility,"{'addr:province': 'BC', 'website': 'https://rcav.org/mens-hostel/', 'addr:housenumber': '828', 'phone': '+1-604-443-3292', 'social_facility:for': 'homeless', 'addr:street': 'Cambie Street', 'fax': '+1-604-683-0926', 'addr:postcode': 'V6B 2A7', 'social_facility': 'shelter', 'addr:city': 'Vancouver'}",Catholic Charities Men's Hostel,10.0
13,49.219926,-122.5992796,2022-08-29T08:16:36.000-07:00,townhall,"{'addr:province': 'BC', 'wheelchair': 'yes', 'website': 'https://www.mapleridge.ca/', 'addr:housenumber': '11995', 'phone': '+1-604-463-5221', 'addr:street': 'Haney Place', 'fax': '+1-604-467-7329', 'email': 'enquiries@mapleridge.ca', 'townhall:type': 'city', 'addr:city': 'Maple Ridge'}",Maple Ridge Municipal Hall,10.0
15,49.040367,-122.3042417,2018-06-20T15:11:39.000-07:00,monastery,"{'addr:housenumber': '2108', 'monastery:type': 'convent', 'phone': '+1-604-756-8882', 'community:gender': 'female', 'addr:street': 'Ware Street', 'addr:postcode': 'V2S 3C2', 'operator': 'Carmelite Missionary Sisters of St. Therese of the Child Jesus', 'building': 'detached', 'religion': 'christian', 'denomination': 'roman_catholic'}",St Ann's Convent,10.0
16,49.0525626,-122.3129064,2019-09-13T13:56:58.000-07:00,social_facility,"{'website': 'http://pacificpathways.ca', 'addr:housenumber': '32865', 'description': 'A project of Pacific Developmental Pathways Ltd.', 'social_facility:for': 'disabled', 'addr:street': 'Ventura Avenue', 'addr:postcode': 'V2S 6A3', 'addr:unit': '102', 'social_facility': 'outreach', 'addr:city': 'Abbotsford'}",Abbotsford Pathways,9.0
17,49.2496124,-122.922389,2021-03-26T04:23:53.000-07:00,social_facility,"{'website': 'https://foodbank.bc.ca', 'addr:housenumber': '8345', 'phone': '+1-604-876-3601', 'opening_hours': 'Mo-Fr 08:30-16:30', 'addr:street': 'Winston Street', 'addr:postcode': 'V5A 2H3', 'email': 'reception@foodbank.bc.ca', 'social_facility': 'food_bank', 'addr:city': 'Burnaby'}",Greater Vancouver Food Bank,9.0
18,49.2252941,-123.0011558,2020-07-10T07:03:18.000-07:00,townhall,"{'website': 'http://www.metrovancouver.org/', 'alt_name': 'Metro Vancouver Regional District', 'addr:housenumber': '4730', 'government': 'county', 'phone': '+1-604-432-6200', 'old_name': 'Greater Vancouver Regional District', 'office': 'government', 'addr:street': 'Kingsway', 'addr:city': 'Burnaby'}",Metro Vancouver,9.0
19,49.2770164,-123.1248993,2020-11-15T16:23:58.000-08:00,cinema,"{'alt_name': 'Vancity Theatre', 'addr:housenumber': '1181', 'phone': '+1-604-683-3456', 'opening_hours': '""opening hours depends on when movies play and festivals""', 'screen': '1', 'addr:street': 'Seymour Street', 'addr:postcode': 'V6B 3M7', 'email': 'info@viff.org', 'addr:city': 'Vancouver'}",Vancouver International Film Centre,9.0
20,49.1699666,-122.914574,2020-11-30T04:51:47.000-08:00,social_facility,"{'addr:province': 'BC', 'wheelchair': 'yes', 'addr:housenumber': '11030', 'phone': '+1-604-951-9415', 'social_facility:for': 'senior', 'addr:street': 'River Road', 'addr:postcode': 'V4C2S2', 'social_facility': 'group_home', 'addr:city': 'Delta'}",Delta Lodge,9.0
22,49.1443395,-122.84914,2021-12-15T06:01:30.000-08:00,social_facility,"{'website': 'https://www.surreyfoodbank.org/', 'addr:housenumber': '13478', 'phone': '+1-604-581-5443', 'surrey:addrid': '72181', 'source': 'City of Surrey 2010 GIS Data', 'addr:street': '78 Avenue', 'surrey:date': '19850801', 'social_facility': 'food_bank', 'addr:city': 'Surrey'}",Surrey Food Bank Society,9.0
23,49.1984658,-122.8449496,2018-03-26T17:06:23.000-07:00,social_facility,"{'addr:housenumber': '10776', 'surrey:addrid': '63814', 'source': 'City of Surrey 2010 GIS Data', 'social_facility:for': 'underprivileged', 'office': 'ngo', 'addr:street': 'King George Boulevard', 'surrey:date': '19851120', 'social_facility': 'outreach', 'addr:city': 'Surrey'}",Surrey Urban Outreach Society,9.0
24,49.2911911,-123.130162,2022-07-10T02:20:01.000-07:00,theatre,"{'addr:province': 'BC', 'website': 'https://palstudiotheatre.com/', 'alt_name': 'Performing Art Lodges Vancouver, Performing Art Lodges Theatre', 'addr:housenumber': '581', 'phone': '+1-604-255-4313', 'addr:street': 'Cardero Street', 'addr:postcode': 'V6G 3L3', 'addr:unit': '300', 'addr:city': 'Vancouver'}",PAL Studio Theatre,9.0
25,49.2152557,-123.0058967,2021-04-30T04:36:22.000-07:00,social_facility,"{'wheelchair': 'yes', 'website': 'http://fairhaven.bc.ca/long-term-care-2/', 'addr:housenumber': '7557', 'phone': '+1-604-435-0525', 'social_facility:for': 'senior', 'addr:street': 'Sussex Avenue', 'operator': 'Fair Haven', 'email': 'info@fairhaven.bc.ca', 'social_facility': 'nursing_home'}",Fair Haven Homes Burnaby Lodge,9.0
26,49.1873731,-122.849479,2022-01-18T06:27:11.000-08:00,university,"{'wheelchair': 'yes', 'website': 'https://www.sfu.ca/', 'addr:housenumber': '13450', 'phone': '+1-778-782-7400', 'short_name': 'SFU Surrey', 'addr:street': '102 Avenue', 'addr:postcode': 'V3T 0A3', 'addr:unit': '250', 'addr:city': 'Surrey'}",Simon Fraser University Surrey Campus,9.0
27,49.3253576,-123.1381996,2019-04-29T02:08:26.000-07:00,cinema,"{'brand:wikidata': 'Q2972807', 'wheelchair': 'yes', 'website': 'https://www.cineplex.com', 'alt_name': 'Cineplex VIP cinemas', 'level': '2', 'brand:wikipedia': 'en:Cineplex Entertainment', 'indoor': 'yes', 'brand': 'Cineplex', 'layer': '2'}",Cineplex Cinemas & VIP,9.0
28,49.0404223,-122.2763779,2020-12-11T16:12:05.000-08:00,social_facility,"{'website': 'https://www.redcross.ca/in-your-community/british-columbia-and-yukon/bc-specific-programs/health-equipment-loan-program/help-locations---lower-mainland', 'addr:housenumber': '34220', 'opening_hours': 'Mo-Sa 11:00-13:00', 'office': 'ngo', 'addr:street': 'South Fraser Way', 'addr:postcode': 'V2S 2C6', 'building': 'commercial', 'addr:unit': '1', 'social_facility': 'outreach'}",Canadian Red Cross,9.0
29,49.2545,-123.1149458,2021-01-27T16:31:24.000-08:00,cinema,"{'website': 'https://www.cineplex.com/Theatre/the-park-theatre', 'addr:housenumber': '3440', 'phone': '+1-604-709-3456', 'source': 'local_knowledge', 'addr:street': 'Cambie St.', 'wikidata': 'Q17111702', 'addr:postcode': 'V5Z 2W8', 'operator': 'Cineplex', 'addr:city': 'Vancouver'}",The Park Theatre,9.0
30,49.0611606,-122.302293,2017-02-07T00:51:23.000-08:00,social_facility,"{'website': 'http://clbc.cioc.ca/record/CLB2914', 'addr:housenumber': '33295', 'description': 'Subsidized Housing', 'social_facility:for': 'underprivileged', 'addr:street': 'Maclure Road', 'addr:postcode': 'V2S 7V9', 'operator': 'Abbotsford Kinsmen Housing Society', 'building': 'terrace', 'addr:unit': '153'}",Kinsmen Creekside Estates,9.0
31,49.0548788,-122.3174509,2019-09-02T22:08:25.000-07:00,social_facility,"{'website': 'http://www.hopeforwomen.ca', 'alt_name': 'Advokate Life & Education Services', 'phone': '+1-604-853-0303', 'opening_hours': 'Mo-Fr 10:00-16:00; Sa 10:00-14:00', 'social_facility:for': 'pregnant', 'url': 'https://lifecollective.io/advokate/', 'operator': 'Abbotsford Right to Life Society', 'addr:unit': '2', 'social_facility': 'outreach'}",Hope For Women,9.0
32,49.0497018,-122.2917803,2022-05-13T21:53:54.000-07:00,social_facility,"{'website': 'https://www.bcss.org/branches/lower-mainland/fraser/abbotsford-branch/2008/07/about-bcss-abbotsford', 'phone': '+1-604-859-0105', 'description': '& any/all Other Mental Illness', 'social_facility:for': 'mental_health', 'office': 'association', 'entrance': 'yes', 'addr:unit': '18', 'social_facility': 'outreach'}",BC Schizophrenia Society,8.0
33,49.2811013,-123.098369,2022-06-05T20:40:43.000-07:00,theatre,"{'addr:province': 'BC', 'website': 'https://rickshawtheatre.com/', 'addr:housenumber': '254', 'phone': '+1-604-681-8915', 'addr:street': 'East Hastings Street', 'wikidata': 'Q38378234', 'addr:postcode': 'V6A 1P1', 'addr:city': 'Vancouver'}",The Rickshaw,8.0
34,49.0487841,-122.3371726,2022-04-20T16:16:08.000-07:00,social_facility,"{'website': 'https://fftsp.org', 'contact:facebook': 'https://www.facebook.com/FFTSP/', 'addr:housenumber': '2564', 'social_facility:for': 'drug_addicted', 'office': 'therapist', 'addr:street': 'Clearbrook Road', 'addr:postcode': 'V2T 2Y5', 'social_facility': 'nursing_home'}",Food for the Soul Project Society Opioid Agonist Treatment,8.0
35,49.2636704,-122.9886259,2021-03-08T19:31:45.000-08:00,social_facility,"{'operator:type': 'private_non_profit', 'website': 'https://progressivehousing.net/service/emergency-shelter/', 'addr:housenumber': '2294', 'phone': '+1-604-522-9669', 'social_facility:for': 'homeless', 'addr:street': 'Douglas Road', 'operator': 'Progressive Housing Society', 'social_facility': 'shelter'}",Emergency Shelter,8.0
36,49.0461187,-122.2882553,2022-05-13T21:58:47.000-07:00,social_facility,"{'website': 'https://www.abbotsfordccrr.ca/', 'alt_name': 'Abbotsford CCRR', 'addr:housenumber': '33820', 'level': '0', 'office': 'government', 'addr:street': 'South Fraser Way', 'addr:postcode': 'V2S 2C5', 'addr:unit': '1B'}",Abbotsford Child Care Resource & Referral,8.0
37,49.216164,-123.0057202,2021-05-02T03:58:26.000-07:00,social_facility,"{'wheelchair': 'yes', 'website': 'https://stmichaels.bc.ca/', 'addr:housenumber': '7451', 'phone': '+1-604-434-1323', 'social_facility:for': 'senior', 'addr:street': 'Sussex Avenue', 'email': 'info@stmichaels.bc.ca', 'social_facility': 'nursing_home'}",St. Michael's Centre,8.0
38,49.2891958,-123.110351,2020-01-19T06:35:09.000-08:00,cinema,"{'website': 'https://www.flyovercanada.com/', 'addr:housenumber': '999', 'phone': '+1-604-620-8455', 'opening_hours': 'Su-Sa 10:00-21:00', 'screen': '1', 'addr:street': 'Canada Place', 'addr:unit': '201', 'addr:city': 'Vancouver'}",FlyOver Canada,8.0
39,49.2821887,-123.1008914,2022-03-14T00:50:55.000-07:00,social_facility,"{'addr:housenumber': '138', 'operator:wikidata': 'Q188307', 'social_facility:for': 'homeless', 'operator:wikipedia': 'en:The Salvation Army', 'addr:street': 'East Cordova Street', 'operator:short': 'TSA', 'operator': 'The Salvation Army', 'social_facility': 'shelter'}",The Beacon,8.0
40,49.0954671,-122.0811288,2018-02-09T05:00:04.000-08:00,social_facility,"{'addr:housenumber': '5133', 'phone': '+1-604-823-6712', 'source': 'https://www.change.org/p/terry-lake-becky-doherty-bob-laroy-henry-braun-daryll-plecas-adrian-dix-closure-of-mountain-view-home-by-fraser-health', 'social_facility:for': 'mental_health', 'addr:street': 'Boundary Road', 'addr:postcode': 'V3G 2N4', 'operator': 'Fraser Health Authority; Skipton Holdings', 'social_facility': 'group_home'}",Mountain View Home,8.0
41,49.2174102,-122.9650842,2021-04-30T05:07:43.000-07:00,social_facility,"{'website': 'http://seniors.nikkeiplace.org/', 'addr:housenumber': '6680', 'phone': '+1-604-777-5000', 'social_facility:for': 'senior', 'addr:street': 'Southoaks Crescent', 'email': 'srhousing@nikkeiplace.org', 'social_facility': 'assisted_living'}",Nikkei Place Seniors,7.0
42,49.0437623,-122.2939743,2022-02-19T07:42:25.000-08:00,social_facility,"{'website': 'http://www.healinggrounds.ca', 'phone': '+1-604-854-1094', 'opening_hours': 'Mo-Fr 10:00-18:00', 'social_facility:for': 'juvenile', 'office': 'ngo', 'addr:unit': 'A', 'social_facility': 'outreach'}",Healing Grounds Youth Services,7.0
43,49.2637793,-123.138801,2021-09-29T03:32:43.000-07:00,clock,"{'date': 'no', 'addr:housenumber': '2447', 'man_made': 'tower', 'display': 'analog', 'addr:street': 'Granville Street', 'faces': '4', 'tower:construction': 'building'}",,7.0
46,49.0435147,-122.27865,2020-12-24T23:47:07.000-08:00,social_facility,"{'website': 'http://www.careandshare.ca', 'phone': '+1-604-852-9305', 'description': 'Emergency Shelter for Homeless', 'social_facility:for': 'underprivileged', 'office': 'quango', 'operator': 'Salvation Army', 'social_facility': 'shelter'}",The Salvation Army Centre of Hope,7.0
47,49.2792244,-123.0995102,2022-06-05T20:42:47.000-07:00,university,"{'website': 'https://learningexchange.ubc.ca/', 'addr:housenumber': '612', 'phone': '+1-604-408-5164', 'opening_hours': 'Mo-We 09:00-12:00,13:00-17:00; Th 09:00-12:00,13:00-19:00; Fr 13:00-17:00', 'addr:street': 'Main Street', 'fax': '+1-604-682-6807', 'email': 'learning.exchange@ubc.ca'}",UBC Learning Exchange,7.0
48,49.21633,-122.9846623,2019-07-01T01:00:58.000-07:00,theatre,"{'wheelchair': 'yes', 'website': 'https://www.michaeljfoxtheatre.ca/', 'addr:housenumber': '7373', 'phone': '+1-604-664-8875', 'addr:street': 'MacPherson Avenue', 'addr:postcode': 'V5J 2B7', 'addr:city': 'Burnaby'}",Michael J. Fox Theatre,7.0
49,49.1068597,-122.6521121,2021-01-13T18:31:52.000-08:00,social_facility,"{'website': 'https://triangleresources.com', 'addr:housenumber': '5724', 'social_facility:for': 'community', 'office': 'quango', 'addr:street': 'Glover Road', 'addr:postcode': 'V3A 4H8', 'social_facility': 'community_centre'}",Triangle Community Resources Inc.,7.0
50,49.2799331,-123.120567,2021-01-05T05:38:26.000-08:00,theatre,"{'addr:province': 'BC', 'website': 'http://orpheum-theater.com/orpheum_theater_vancouver.php', 'addr:housenumber': '601', 'addr:street': 'Smithe Street', 'wikidata': 'Q7103961', 'addr:postcode': 'V6Z 1K3', 'addr:city': 'Vancouver'}",The Orpheum,7.0
51,49.2806911,-123.112557,2022-09-10T01:15:19.000-07:00,theatre,"{'addr:province': 'BC', 'website': 'https://vancouvercivictheatres.com/venues/vancouver-playhouse/', 'addr:housenumber': '600', 'addr:street': 'Hamilton Street', 'wikidata': 'Q7914233', 'addr:postcode': 'V6B 3L4', 'addr:city': 'Vancouver'}",Vancouver Playhouse,7.0
52,49.2675621,-122.951685,2021-08-28T19:10:49.000-07:00,social_facility,"{'website': 'https://www.swedishcanadian.ca/residency/assisted-living-residence/', 'addr:housenumber': '7230', 'phone': '+1-604-420-1124', 'social_facility:for': 'senior', 'addr:street': 'Halifax Street', 'email': 'info@swedishcanadian.ca', 'social_facility': 'assisted_living'}",Swedish Assisted Living Residence,7.0
53,49.2098186,-123.1157123,2019-02-20T02:36:04.000-08:00,cinema,"{'website': 'https://www.cineplex.com/Theatre/cineplex-cinemas-marine-gateway-and-vip', 'addr:housenumber': '452', 'phone': '+1-604-630-0414', 'is_in:city': 'Vancouver', 'addr:street': 'South West Marine Drive', 'addr:postcode': 'V5X 0C3', 'operator': 'Cineplex'}",Cineplex Cinemas Marine Gateway and VIP,7.0
54,49.2037107,-123.1375228,2019-09-13T13:56:59.000-07:00,theatre,"{'website': 'https://metrotheatre.com/', 'addr:housenumber': '1370', 'phone': '+1-604-266-7191', 'addr:street': 'Southwest Marine Drive', 'wikidata': 'Q38378154', 'addr:postcode': 'V6P 5Z9', 'addr:city': 'Vancouver'}",Metro Theatre,7.0
55,49.0298938,-122.800849,2020-01-30T20:36:08.000-08:00,theatre,"{'addr:province': 'BC', 'website': 'https://www.whiterockplayers.ca/', 'alt_name': ""White Rock Players' Club"", 'addr:housenumber': '1532', 'phone': '+1-604-536-7535', 'addr:street': 'Johnston Road', 'addr:city': 'White Rock'}",Coast Capital Playhouse,7.0
56,49.2800554,-123.1164214,2021-01-10T03:43:41.000-08:00,theatre,"{'addr:province': 'BC', 'addr:housenumber': '777', 'short_name': 'The Centre', 'addr:street': 'Homer Street', 'wikidata': 'Q38378369', 'addr:postcode': 'V6B 2W1', 'addr:city': 'Vancouver'}",The Centre For Performing Arts,7.0
57,49.2434955,-122.973016,2022-05-14T06:31:34.000-07:00,marketplace,"{'website': 'https://www.artisanmarkets.ca/', 'addr:housenumber': '4949', 'addr:country': 'CA', 'opening_hours': 'May-Oct: Sa 10:00-14:00', 'addr:street': 'Canada Way', 'addr:postcode': 'V5G 4A3'}",Burnaby Artisan Farmers' Market,6.0
58,49.273765,-123.0752492,2019-09-13T13:57:03.000-07:00,theatre,"{'website': 'https://www.electriccompanytheatre.com/', 'addr:housenumber': '1422', 'addr:street': 'William Street', 'addr:postcode': 'V5L 2P7', 'email': 'info@electriccompanytheatre.com', 'addr:city': 'Vancouver'}",Electric Company Theatre,6.0
59,49.0462421,-122.3500204,2016-06-13T22:36:31.000-07:00,social_facility,"{'level': '0', 'social_facility:for': 'diseased', 'office': 'administrative', 'entrance': 'yes', 'operator': 'Fraser Health Authority', 'social_facility': 'outreach'}",fraserhealth Home and Community Care,6.0
60,49.2823162,-122.82998,2019-08-12T23:13:48.000-07:00,townhall,"{'website': 'http://www.portmoody.ca', 'addr:housenumber': '100', 'wikipedia': 'en:Port Moody', 'addr:street': 'Newport Drive', 'wikidata': 'Q776261', 'addr:postcode': 'V3H 5C3'}",Port Moody City Hall,6.0
61,49.229627,-123.002003,2021-01-05T19:30:13.000-08:00,university,"{'website': 'https://alexandercollege.ca/', 'addr:housenumber': '4603', 'phone': '+1-604-435-5815', 'addr:street': 'Kingsway', 'fax': '+1-604-435-5895', 'addr:unit': '101'}",Alexander College,6.0
62,49.2782044,-123.113409,2020-01-04T17:30:18.000-08:00,theatre,"{'website': 'http://www.frankiesjazzclub.ca/', 'addr:housenumber': '755', 'phone': '+1-604-688-6368', 'addr:street': 'Beatty Street', 'email': 'info@frankiesjazzclub.ca', 'addr:city': 'Vancouver'}",Frankie's Jazz Club,6.0
63,49.2417074,-123.121162,2021-03-12T01:34:52.000-08:00,social_facility,"{'addr:housenumber': '4865', 'social_facility:for': 'senior', 'addr:street': 'Heather Street', 'operator': 'We Care for Seniors', 'social_facility': 'group_home', 'addr:city': 'Vancouver'}",Tapestry Foundation for Health Care,6.0
64,49.0314052,-122.7983052,2022-03-12T06:58:46.000-08:00,social_facility,"{'wheelchair': 'yes', 'operator:type': 'private', 'website': 'https://www.amica.ca/white-rock', 'social_facility:for': 'senior', 'operator': 'Amica', 'social_facility': 'group_home'}",Amica White Rock,6.0
65,49.2416163,-123.1211674,2021-03-12T01:34:52.000-08:00,social_facility,"{'addr:housenumber': '4875', 'social_facility:for': 'senior', 'addr:street': 'Heather Street', 'operator': 'Providence Health Care', 'social_facility': 'group_home', 'addr:city': 'Vancouver'}",St. Vincent's Heather Campus of Care,6.0
66,49.286811900000004,-123.1279618,2021-07-03T02:46:38.000-07:00,marketplace,"{'addr:province': 'BC', 'wheelchair': 'yes', 'addr:housenumber': '1277', 'opening_hours': 'Mo-Sa 10:00-20:00; Su 11:00-19:00', 'addr:street': 'Robson Street', 'addr:city': 'Vancouver'}",CB2,6.0
68,49.0561942,-122.3161996,2022-05-13T21:48:26.000-07:00,social_facility,"{'website': 'https://bethesdabc.com/', 'phone': '+1-604-850-6604', 'opening_hours': 'Mo-Fr 09:00-16:00', 'description': 'Abbotsford Head Office', 'social_facility:for': 'disabled', 'office': 'association'}",Bethesda Christian Association,6.0
69,49.281078,-123.1231792,2021-10-25T19:12:39.000-07:00,courthouse,"{'alt_name': 'Law Courts', 'addr:housenumber': '800', 'opening_hours': 'Mo-Fr 09:30-16:30', 'addr:street': 'Smithe Street', 'wikidata': 'Q6503009', 'addr:city': 'Vancouver'}",Court of Appeal & Supreme Court,6.0
70,49.2249319,-123.1086853,2019-03-19T06:05:42.000-07:00,theatre,"{'website': 'https://langara.ca/studio-58/', 'addr:housenumber': '100', 'phone': '+1-604-323-5227', 'name:en': 'Studio 58', 'addr:street': 'West 49th Avenue', 'operator': 'Studio 58'}",Studio 58,6.0
71,49.1552173,-122.7896499,2021-04-20T07:03:49.000-07:00,social_facility,"{'addr:province': 'British Columbia', 'addr:housenumber': '8382', 'social_facility:for': 'senior', 'addr:street': '156 Street', 'social_facility': 'nursing_home', 'addr:city': 'Surrey'}",The Evergreen Hamlets at Fleetwood,6.0
72,49.0519908,-122.3129876,2021-09-23T10:24:35.000-07:00,social_facility,"{'addr:housenumber': '32868', 'addr:street': 'Ventura Avenue', 'addr:postcode': 'V2S 6J3', 'operator': 'City of Abbotsford', 'addr:unit': '106', 'social_facility': 'outreach'}",Archway,6.0
73,49.2766458,-123.1421577,2019-03-22T02:48:01.000-07:00,theatre,"{'website': 'https://bardonthebeach.org/', 'addr:housenumber': '1695', 'phone': '+1-604-737-0625', 'source': 'Bing', 'addr:street': 'Whyte Avenue', 'wikidata': 'Q807984'}",Bard On The Beach (Summer Only),6.0
74,49.2420274,-123.1129332,2019-12-14T06:55:14.000-08:00,clock,"{'date': 'yes', 'visibility': 'street', 'display': 'analog', 'faces': '2', 'support': 'pole', 'start_date': '1995'}",Lions Clock,6.0
75,49.0495245,-122.2924132,2018-06-20T15:11:12.000-07:00,social_facility,"{'website': 'http://www.thompsoncommunityservices.com/contactus.htm', 'phone': '+1-604-758-0794', 'social_facility:for': 'disabled', 'entrance': 'yes', 'addr:unit': '9', 'social_facility': 'outreach'}",Thompson Community Services,6.0
77,49.0492709,-122.339141,2020-11-13T18:30:04.000-08:00,social_facility,"{'website': 'https://archway.ca/program/language-instruction-for-newcomers-to-canada-linc', 'alt_name': 'LINC', 'short_name': 'LINC', 'social_facility:for': 'migrant', 'operator': 'Archway Community Services', 'addr:unit': '102'}",Language Instruction for Newcomers to Canada,6.0
78,49.0488707,-122.2893719,2015-12-14T00:49:22.000-08:00,social_facility,"{'website': 'http://atangardcommunityproject.blogspot.ca', 'level': '1', 'social_facility:for': 'underprivileged', 'entrance': 'yes', 'start_date': '2009-09-01', 'social_facility': 'group_home'}",Atangard Community Project,6.0
79,49.1060841,-122.6523429,2021-01-13T18:31:52.000-08:00,theatre,"{'website': 'https://theatreinthecountry.com', 'contact:facebook': 'https://www.facebook.com/TheatreInTheCountry', 'addr:housenumber': '5708', 'addr:street': 'Glover Road', 'addr:postcode': 'V3A 4H8', 'start_date': '2013'}",Theatre in the Country,6.0
80,49.2178012,-122.955189,2021-10-04T18:29:07.000-07:00,social_facility,"{'operator:type': 'private', 'website': 'https://parcliving.ca/mulberry-parc/', 'social_facility:for': 'senior', 'operator': 'PARC Retirement Living', 'social_facility': 'group_home'}",Mulberry PARC,5.0
81,49.2341394,-123.0385563,2021-11-04T22:01:17.000-07:00,theatre,"{'website': 'https://www.greenthumb.bc.ca/', 'addr:housenumber': '5522', 'addr:street': 'McKinnon Street', 'phone': '+1-604-254-4055', 'email': 'info@greenthumb.bc.ca'}",Green Thumb Theatre,5.0
82,49.2473656,-122.9762792,2021-04-30T00:33:09.000-07:00,social_facility,"{'addr:housenumber': '4155', 'social_facility:for': 'senior', 'addr:street': 'Norland Avenue', 'operator': 'Dania Home Society', 'social_facility': 'assisted_living'}",Dania Manor,5.0
83,49.0475966,-122.2919218,2018-06-20T15:10:40.000-07:00,theatre,"{'description': 'International Stand-Up Comedy', 'website': 'https://www.yukyuks.com/index.cfm?action=mobile.club&venueID=4108', 'alt_name': ""Mike Breslin's Yuk Yuk's Comedy Club"", 'theatre:genre': 'stand_up_comedy', 'phone': '+1-604-746-4488'}",Yuk Yuk's,5.0
84,49.0310412,-122.29206,2022-05-12T03:54:31.000-07:00,clock,"{'visibility': 'area', 'faces': '1', 'support': 'tower', 'display': 'analog', 'direction': 'W'}",,5.0
87,49.2643349,-123.1745647,2022-10-01T16:21:41.000-07:00,theatre,"{'website': 'https://www.hollywoodtheatre.ca/', 'addr:housenumber': '3123', 'addr:street': 'West Broadway', 'phone': '+1-778-819-3065', 'email': 'info@hollywoodtheatre.ca'}",Hollywood Theatre,5.0
88,49.0549866,-122.317809,2019-02-18T15:14:44.000-08:00,social_facility,"{'website': 'https://www.abbotsfordcommunityservices.com/programs/multi-cultural-immigrant-services', 'social_facility:for': 'immigrant', 'operator': 'Abbotsford Community Services', 'addr:unit': '6', 'social_facility': 'outreach'}",Multicultural & Immigrant Services,5.0
89,49.2846387,-123.1143808,2019-10-28T15:41:35.000-07:00,social_facility,"{'website': 'http://www.shanti-centre.com', 'phone': '+1-604-773-3100', 'email': 'request-info@shanti-centre.com', 'addr:unit': '628', 'social_facility': 'outreach'}",Shanti Counselling Centre,5.0
90,49.3378962,-123.1600566,2016-12-01T07:55:32.000-08:00,theatre,"{'wheelchair': 'yes', 'website': 'http://kaymeekcentre.com/', 'addr:housenumber': '1700', 'addr:street': 'Mathers Avenue', 'phone': '+1-604-981-6335'}",Kay Meek Centre for the Performing Arts,5.0
91,49.2785849,-123.0706042,2022-06-05T20:23:16.000-07:00,theatre,"{'website': 'https://yorktheatre.ca/', 'addr:housenumber': '639', 'addr:street': 'Commercial Drive', 'wikidata': 'Q38378460', 'addr:postcode': 'V5L 2W2'}",York Theatre,5.0
92,49.2844778,-123.112349,2021-12-17T21:30:16.000-08:00,university,"{'addr:province': 'BC', 'addr:housenumber': '515', 'short_name': 'SFU Vancouver', 'addr:street': 'West Hastings Street', 'addr:city': 'Vancouver'}",Simon Fraser University - Vancouver Campus,5.0
93,49.2701092,-123.1081218,2022-03-26T00:41:38.000-07:00,theatre,"{'website': 'https://artsclub.com/', 'alt_name': 'Goldcorp Stage at the BMO Theatre Centre', 'addr:housenumber': '162', 'addr:street': 'West 1st Avenue', 'addr:city': 'Vancouver'}",BMO Theatre Centre,5.0
94,49.2800682,-123.113371,2022-01-11T04:52:40.000-08:00,fountain,"{'website': 'https://covapp.vancouver.ca/PublicArtRegistry/ArtworkDetail.aspx?FromArtworkSearch=True&ArtworkId=38', 'fountain': 'decorative', 'material': 'Bronze, steel', 'artist_name': 'Gerhard Class', 'start_date': '1971'}",Centennial Fountain,5.0
95,49.0493026,-122.339164,2020-11-13T18:30:04.000-08:00,social_facility,"{'website': 'https://archway.ca/program/abbotsford-addictions-centre', 'social_facility:for': 'drug_addicted', 'old_name': 'Abbotsford Addictions Centre', 'operator': 'Archway Community Services', 'addr:unit': '202'}",Archway Addictions Centre,5.0
96,49.2820693,-123.0979109,2022-06-05T20:27:08.000-07:00,theatre,"{'website': 'https://firehallartscentre.ca/', 'addr:housenumber': '280', 'addr:street': 'East Cordova Street', 'phone': '+1-604-689-0926', 'wikidata': 'Q5451857'}",Firehall Arts Centre,5.0
98,49.2804032,-123.121024,2019-09-13T13:57:04.000-07:00,theatre,"{'website': 'http://orpheum-theater.com/orpheum_theater_vancouver.php', 'addr:housenumber': '884', 'addr:street': 'Granville Street', 'addr:postcode': 'V6Z 1K3', 'addr:city': 'Vancouver'}",The Orpheum,5.0
99,49.2805472,-123.1158204,2022-09-26T04:33:20.000-07:00,university,"{'addr:province': 'BC', 'addr:housenumber': '410', 'addr:street': 'West Georgia Street', 'addr:unit': '1400', 'addr:city': 'Vancouver'}",Northeastern University — Vancouver,5.0
100,49.1340436,-122.304174,2018-04-11T14:17:53.000-07:00,theatre,"{'website': 'https://www.openingnitetheatre.com', 'addr:housenumber': '33223', 'addr:street': 'North Railway Avenue', 'addr:postcode': 'V2V 1E4', 'operator': 'Opening Nite Theatre Society'}",Opening Nite Theatre,5.0
101,49.0375084,-122.2754272,2022-02-12T02:39:53.000-08:00,social_facility,"{'website': 'https://www.cbi.ca/web/monarchhouse', 'social_facility:for': 'autistic', 'entrance': 'yes', 'addr:unit': '4', 'social_facility': 'outreach'}",CBI Monarch House,5.0
102,49.0169093,-122.7909205,2020-01-05T18:42:45.000-08:00,social_facility,"{'addr:housenumber': '15575', 'social_facility:for': 'drug_addicted', 'addr:street': 'Marine Drive', 'level': '0', 'social_facility': 'social_club'}",Narcotics Anonymous,5.0
103,49.2573713,-123.100959,2022-01-11T02:12:37.000-08:00,clock,"{'visibility': 'area', 'faces': '4', 'support': 'tower', 'display': 'analog', 'start_date': '1915'}",Heritage Hall Tower Clock,5.0
104,49.0377937,-122.3062507,2018-07-30T10:07:44.000-07:00,social_facility,"{'landuse': 'institutional', 'social_facility:for': 'mental_health', 'url': 'http://www.mpa-society.org', 'operator': 'MPA Society;Fraser Health Authority', 'social_facility': 'group_home'}",Skyline Lodge,5.0
105,49.0374863,-122.3063613,2018-07-30T10:07:44.000-07:00,social_facility,"{'landuse': 'institutional', 'social_facility:for': 'mental_health', 'url': 'http://www.mpa-society.org', 'operator': 'MPA Society;Fraser Health Authority', 'social_facility': 'group_home'}",Glacierview Apartments,5.0
106,49.216876,-122.902268,2022-09-13T17:53:16.000-07:00,social_facility,"{'operator:type': 'government', 'addr:housenumber': '315', 'addr:street': 'McBride Boulevard', 'operator': 'Fraser Health Authority', 'social_facility': 'ambulatory_care'}",Queen's Park Care Centre,5.0
107,49.2805037,-123.1068723,2019-12-01T04:03:46.000-08:00,theatre,"{'alt_name': 'Tinseltown', 'addr:housenumber': '88', 'addr:street': 'West Pender Street', 'level': '2', 'addr:city': 'Vancouver'}",Cineplex Odeon International Village Cinemas,5.0
108,49.0478642,-122.29258,2019-08-07T01:30:54.000-07:00,marketplace,"{'opening_hours': 'Apr-Oct: Sa 09:00-13:00;Nov-Dec 17:Sa 10:00-14:00;week 1-12/2: Sa 10:00-14:00', 'description': 'located in the parking lot', 'website': 'https://afcm.ca/', 'opening_hours:url': 'http://www.abbotsfordfarmandcountrymarket.com/when-n-where', 'operator': 'Abbotsford Farm & Country Market Society'}",Abbotsford Farm & Country Market,5.0
109,49.2818283,-123.1055112,2021-04-20T20:42:39.000-07:00,social_facility,"{'operator:type': 'ngo', 'website': 'https://www.phs.ca/supportive-housing/', 'social_facility:for': 'homeless', 'operator': 'PHS Community Services Society', 'social_facility': 'shelter'}",Bud Osborn Shelter,5.0
110,49.2830614,-123.0423499,2020-01-13T17:51:00.000-08:00,marketplace,"{'addr:province': 'BC', 'addr:housenumber': '2901', 'addr:street': 'E Hastings St', 'addr:postcode': 'V5K 5J1', 'addr:city': 'Vancouver'}",Vancouver Farmers Market,5.0
111,49.2238265,-122.9439386,2021-05-02T04:16:21.000-07:00,social_facility,"{'website': 'https://newvista.bc.ca/', 'addr:housenumber': '7232', 'social_facility:for': 'senior', 'addr:street': 'New Vista Place', 'social_facility': 'nursing_home'}",New Vista Society,5.0
112,49.0247529,-122.8013315,2019-01-18T03:29:17.000-08:00,clock,"{'description': ""50' high clock tower"", 'visibility': 'area', 'faces': '4', 'support': 'tower', 'display': 'analog'}",,5.0
113,49.2824032,-123.1085513,2019-03-22T02:53:49.000-07:00,university,"{'website': 'https://www.sfu.ca/', 'alt_name': 'SFU Woodwards', 'addr:housenumber': '149', 'short_name': 'SFU', 'addr:street': 'West Hastings Street'}",Simon Fraser University,5.0
114,49.2573226,-123.056173,2022-05-10T03:06:21.000-07:00,social_facility,"{'addr:housenumber': '2960', 'social_facility:for': 'indegenous', 'addr:street': 'Nanaimo Street', 'phone': '+1-604-876-0811', 'social_facility': 'assisted_living'}",Lu’ma Native Housing,5.0
115,49.1165969,-122.8220789,2016-12-01T08:45:26.000-08:00,theatre,"{'website': 'http://www.bellperformingartscentre.com/', 'addr:housenumber': '6250', 'addr:street': '144 Street', 'phone': '+1-604-507-6355', 'addr:city': 'Surrey'}",Bell Performing Arts Centre,5.0
116,49.0467967,-122.2914868,2016-01-18T19:59:12.000-08:00,social_facility,"{'description': 'English Language Services for Adult', 'social_facility:for': 'immigrant', 'operator': 'Abbotsford Community Services', 'addr:unit': '102', 'social_facility': 'outreach'}",ELSA Classes,5.0
117,49.2196926,-122.6716382,2022-08-07T02:32:17.000-07:00,cinema,"{'brand:wikidata': 'Q2972807', 'website': 'https://www.cineplex.com/', 'brand': 'Cineplex', 'brand:wikipedia': 'en:Cineplex Entertainment', 'survey:date': '2022-08-02'}",Cineplex,5.0
118,49.2837148,-123.1140662,2022-04-09T02:10:41.000-07:00,university,"{'addr:province': 'BC', 'website': 'https://www.adler.edu/page/campuses/vancouver', 'addr:housenumber': '520', 'addr:street': 'Seymour Street', 'addr:city': 'Vancouver'}",Adler University,5.0
119,49.3262061,-123.1510002,2022-01-01T22:24:37.000-08:00,marketplace,"{'opening_hours': 'May-Oct: Su 10:00-15:00', 'website': 'https://www.artisanmarkets.ca/our-markets/ambleside-market/', 'addr:housenumber': '1000', 'addr:street': 'Argyle Avenue', 'phone': '+1 604 357 4756'}",Ambleside Artisan Farmers Market,5.0
120,49.2704435,-123.135278,2019-03-19T01:50:52.000-07:00,theatre,"{'website': 'https://www.carouseltheatre.ca/', 'addr:housenumber': '1411', 'addr:street': 'Cartwright Street', 'phone': '+1-604-685-6217'}",Carousel Theatre,4.0
121,49.1300295,-122.7127269,2021-04-08T02:33:04.000-07:00,theatre,"{'website': 'http://www.surreylittletheatre.com/', 'addr:housenumber': '7027', 'addr:street': '184 Street', 'phone': '+1-604-576-8451'}",Surrey Little Theatre,4.0
122,49.1629704,-122.892135,2022-08-06T17:18:47.000-07:00,social_facility,"{'addr:province': 'BC', 'website': 'http://www.milieu.ca', 'addr:street': '88 Avenue', 'addr:city': 'Delta'}",Milieu Family Services,4.0
123,49.1043743,-122.7329501,2021-01-18T17:06:15.000-08:00,clock,"{'visibility': 'street', 'faces': '4', 'support': 'pedestal', 'display': 'analog'}",,4.0
124,49.2810641,-123.0716434,2022-05-11T19:12:17.000-07:00,social_facility,"{'website': 'https://unya.bc.ca/', 'addr:housenumber': '1640', 'social_facility:for': 'youth', 'addr:street': 'East Hastings Street'}",Native Youth Health & Wellness Centre,4.0
125,49.2810749,-123.0718598,2022-05-11T19:12:17.000-07:00,social_facility,"{'website': 'https://unya.bc.ca/', 'addr:housenumber': '1618', 'social_facility:for': 'youth', 'addr:street': 'East Hastings Street'}",Urban Native Youth Association,4.0
126,49.2865179,-122.789356,2020-05-08T17:23:19.000-07:00,fountain,"{'drinking_water': 'no', 'fountain': 'jet_water', 'name:en': 'Lafarge Lake Fountain', 'lit': 'yes'}",Lafarge Lake Fountain,4.0
127,49.2707965,-123.1362969,2019-03-19T06:05:04.000-07:00,theatre,"{'website': 'https://www.vtsl.com/', 'addr:housenumber': '1502', 'addr:street': 'Duranleau Street', 'phone': '+1-604-280-4444'}",The Improv Center,4.0
128,49.2005685,-122.9136462,2020-01-08T23:16:32.000-08:00,cinema,"{'website': 'https://www.landmarkcinemas.com/showtimes/new-westminster', 'addr:housenumber': '800', 'addr:street': 'Carnarvon Street', 'phone': '+1-604-521-6564'}",Landmark Cinemas,4.0
129,49.1121833,-122.7335488,2019-04-26T05:43:04.000-07:00,marketplace,"{'opening_hours': 'Su 06:00-15:00', 'website': 'https://www.cloverdalemarket.ca', 'alt_name': 'Cloverdale Flea Market', 'phone': '+1-604-837-1676'}",The Cloverdale Market,4.0
130,49.260671,-123.136489,2022-06-05T20:39:02.000-07:00,theatre,"{'website': 'https://pacifictheatre.org/', 'addr:housenumber': '1440', 'addr:street': 'West 12th Avenue', 'phone': '+1-604-731-5518'}",Pacific Theatre,4.0
131,49.0465291,-122.2894508,2015-06-07T14:09:17.000-07:00,social_facility,"{'opening_hours': 'Mo-Fr 08:30-16:30', 'social_facility:for': 'family', 'operator': 'Abbotsford Community Services', 'social_facility': 'outreach'}",Family Centre,4.0
132,49.3102032,-123.0796271,2019-11-15T17:13:13.000-08:00,marketplace,"{'addr:province': 'BC', 'addr:street': 'Wallace Mews', 'addr:postcode': 'V7L 0B2', 'addr:city': 'North Vancouver'}",Shipyards Christmas Market,4.0
133,49.0493272,-122.339186,2020-11-13T18:30:04.000-08:00,social_facility,"{'website': 'https://www.yrc.ca/', 'social_facility:for': 'juvenile', 'operator': 'Archway Community Services', 'addr:unit': '200'}",Youth Resource Centre,4.0
134,49.270015,-123.1011388,2019-09-13T13:57:05.000-07:00,social_facility,"{'addr:housenumber': '188', 'addr:street': 'East 1st Avenue', 'social_facility': 'outreach', 'addr:city': 'Vancouver'}",Lookout Emergency Aid Society,4.0
135,49.3834059,-123.3404618,2021-10-06T18:13:36.000-07:00,social_facility,"{'social_facility:for': 'senior', 'url': 'https://snugcovehouse.com', 'operator': 'Snug Cove House Society', 'social_facility': 'assisted_living'}",Snug Cove House (future site),4.0
136,49.3361935,-123.0780177,2014-11-07T06:05:20.000-08:00,townhall,"{'addr:housenumber': '355', 'source': 'www.dnv.org', 'addr:street': 'West Queens Road', 'addr:postcode': 'V7N 4N5'}",District of North Vancouver Municipal Hall,4.0
137,49.0053233,-122.2657478,2016-05-22T19:31:32.000-07:00,theatre,"{'description': 'Audition, Rehearsal & Workshop Location', 'website': 'http://gallery7theatre.com', 'level': '0', 'addr:unit': '100'}",Gallery 7 Theatre,4.0
138,49.2726114,-123.0970695,2022-02-13T21:53:09.000-08:00,social_facility,"{'addr:housenumber': '259', 'addr:street': 'Terminal Avenue', 'social_facility': 'food_bank', 'addr:city': 'Vancouver'}",Greater Vancouver Food Bank,4.0
139,49.2641386,-123.1009147,2019-03-25T04:19:09.000-07:00,clock,"{'date': 'no', 'visibility': 'street', 'support': 'pole', 'display': 'analog'}",Mount Pleasant Clock,4.0
140,49.2455783,-123.1854475,2019-09-13T13:57:03.000-07:00,theatre,"{'addr:housenumber': '4555', 'addr:street': 'Dunbar Street', 'wikidata': 'Q38377943', 'addr:city': 'Vancouver'}",Dunbar Theatre,4.0
141,49.1039579,-122.657255,2022-06-18T20:50:31.000-07:00,townhall,"{'addr:housenumber': '20399', 'addr:street': 'Douglas Crescent', 'townhall:type': 'city', 'addr:city': 'Langley'}",Langley City Hall,4.0
142,49.1713682,-123.139766,2018-02-09T05:00:10.000-08:00,university,"{'addr:housenumber': '5900', 'addr:street': 'Minoru Boulevard', 'phone': '+1-604-513-2193', 'addr:city': 'Richmond'}",Trinity Western University - Richmond,4.0
143,49.0509418,-122.3085382,2016-06-22T01:04:56.000-07:00,clock,"{'inscription': 'Time to Eat', 'description': 'inaccurate', 'support': 'pole', 'display': 'digital'}",,4.0
144,49.1325168,-122.3001628,2022-05-13T21:51:10.000-07:00,gambling,"{'opening_hours': '10:00-01:00', 'website': 'https://www.missionchances.com/', 'entrance': 'yes', 'phone': '+1-604-820-4046'}",Chances Mission,4.0
145,49.1569298,-122.758291,2021-03-12T17:51:13.000-08:00,social_facility,"{'addr:housenumber': '16740', 'addr:street': '85 Avenue', 'phone': '+1-604-779-1940'}",Rise N Shine Child Care Centre,3.0
146,49.133379,-122.3208729,2019-05-20T01:23:09.000-07:00,social_facility,"{'alt_name': 'Mission Food Bank ; Mission Food Centre ; Haven in the Hollow', 'social_facility:for': 'underprivileged', 'social_facility': 'food_bank;shelter'}",Mission Community Services,3.0
147,49.1957766,-122.8456691,2021-12-15T05:13:02.000-08:00,social_facility,"{'addr:housenumber': '10635', 'addr:street': 'King George Boulevard', 'social_facility': 'food_bank'}",Nightshift,3.0
148,49.0908912,-123.0860749,2020-10-16T21:10:25.000-07:00,social_facility,"{'addr:housenumber': '4841', 'addr:street': 'Delta Street', 'addr:unit': '204'}",The Birch Tree Family Wellness,3.0
150,49.2673552,-123.2536278,2022-02-01T10:14:00.000-08:00,clock,"{'visibility': 'area', 'support': 'wall_mounted', 'display': 'analog'}",,3.0
151,49.2085371,-122.9152717,2022-09-30T20:29:21.000-07:00,social_facility,"{'addr:housenumber': '609', 'addr:street': 'Third Avenue', 'phone': '+1 6045245633'}",Westminster House,3.0
152,49.2673312,-123.2536365,2022-02-01T10:14:00.000-08:00,clock,"{'visibility': 'area', 'support': 'wall_mounted', 'display': 'analog'}",,3.0
153,49.2673393,-123.2536723,2022-02-01T10:14:00.000-08:00,clock,"{'visibility': 'area', 'support': 'wall_mounted', 'display': 'analog'}",,3.0
154,49.2673609,-123.2536601,2022-02-01T10:14:00.000-08:00,clock,"{'visibility': 'area', 'support': 'wall_mounted', 'display': 'analog'}",,3.0
155,49.266179,-123.0063067,2021-10-08T05:28:29.000-07:00,social_facility,"{'website': 'https://www.mosaicbc.org/', 'phone': '+1-604-292-3908', 'operator': 'MOSAIC'}",Brentwood Community Resource Centre,3.0
156,49.2813614,-123.122792,2021-03-10T17:47:06.000-08:00,courthouse,"{'addr:province': 'BC', 'opening_hours': 'Mo-Fr 08:30-16:30', 'addr:city': 'Vancouver'}",Provincial Court of British Columbia,3.0
157,49.2118848,-122.9210216,2022-09-04T01:33:49.000-07:00,social_facility,"{'addr:housenumber': '519', 'source': 'gps/photo survey', 'addr:street': '7th Street'}",Fraserside Community Services Society,3.0
158,49.0910921,-123.0857336,2022-01-11T01:16:32.000-08:00,clock,"{'visibility': 'area', 'support': 'wall_mounted', 'display': 'analog'}",,3.0
159,49.0910915,-123.0857496,2022-01-11T01:16:32.000-08:00,clock,"{'visibility': 'area', 'support': 'wall_mounted', 'display': 'analog'}",,3.0
160,49.2289224,-122.6891259,2020-02-22T07:44:26.000-08:00,townhall,"{'addr:housenumber': '12460', 'addr:street': 'Harris Road', 'addr:city': 'Pitt Meadows'}",Pitt Meadows Heritage Hall,3.0
161,49.0660353,-122.324949,2022-05-13T21:49:47.000-07:00,marketplace,"{'opening_hours': 'Su 06:00-16:00', 'website': 'https://www.abbotsfordfleamarket.com/', 'phone': '+1-604-859-7540'}",Abbotsford Flea Market,3.0
162,49.2673014,-123.0020635,2021-06-30T02:11:44.000-07:00,cinema,"{'brand:wikidata': 'Q2972807', 'brand': 'Cineplex', 'brand:wikipedia': 'en:Cineplex Entertainment'}",Cineplex,3.0
163,49.0525661,-122.3126797,2019-02-19T17:01:33.000-08:00,social_facility,"{'website': 'https://www.fvcdc.org/', 'social_facility:for': 'child', 'addr:unit': '102'}",Fraser Valley Child Development Centre,3.0
164,49.0527492,-122.3125256,2015-05-31T02:46:11.000-07:00,social_facility,"{'website': 'http://www.childcarechoices.ca/main/Fraser+Valley/Abbotsford', 'social_facility:for': 'child', 'addr:unit': '105'}",CCRR Abbotsford Child Care Resource and Referral,3.0
165,49.0464417,-122.2892939,2022-02-15T20:24:19.000-08:00,social_facility,"{'social_facility:for': 'juventile', 'operator': 'Abbotsford Community Services', 'social_facility': 'outreach'}",Youth Resource Center,3.0
166,49.0380546,-123.0978325,2019-01-14T06:22:28.000-08:00,townhall,"{'website': 'http://tsawwassenfirstnation.com', 'addr:housenumber': '1926', 'addr:street': 'Tsawwassen Drive North'}",Tsawwassen First Nation Administration Offices,3.0
167,49.2826727,-123.13042,2022-09-25T00:57:41.000-07:00,marketplace,"{'opening_hours': 'Sa 09:00-14:00', 'check_date:opening_hours': '2022-09-24', 'note': 'This occurs on Comox Street'}",West End Farmers Market,3.0
168,49.2429015,-123.1048776,2021-03-25T02:49:10.000-07:00,marketplace,"{'opening_hours': 'Sa 10:00-14:00', 'website': 'https://eatlocal.org/', 'operator': 'Vancouver Farmers Markets'}",Riley Park Farmers Market,3.0
169,49.0450015,-122.7945506,2021-11-30T03:30:04.000-08:00,cinema,"{'addr:housenumber': '2381', 'addr:street': 'King George Boulevard', 'addr:city': 'Surrey'}",Caprice White Rock,3.0
170,49.196931,-123.139943,2020-01-13T18:01:26.000-08:00,fountain,"{'drinking_water': 'no', 'website': 'http://projects.fontanafountains.com', 'artist_name': 'Fontana Fountains'}",,3.0
171,49.1074896,-122.6433651,2019-08-01T23:41:58.000-07:00,social_facility,"{'social_facility:for': 'homeless', 'operator': 'Salvation Army', 'social_facility': 'food_bank'}",Salvation Army Free Meals,3.0
172,49.2656356,-123.1411567,2021-05-18T18:05:20.000-07:00,social_facility,"{'addr:housenumber': '2275', 'addr:street': 'Fir Street', 'addr:city': 'Vancouver'}",MPA Resource Centre,3.0
173,49.1676179,-122.5874561,2017-02-03T06:38:14.000-08:00,theatre,"{'note': 'Owned and operated by the Langley Fine Arts School.', 'addr:housenumber': '9096', 'addr:street': 'Trattle Street'}",Chief Sepass Theater,3.0
174,49.2678962,-123.0038281,2021-09-25T17:41:56.000-07:00,social_facility,"{'website': 'https://www.mosaicbc.org/services/language/linc/', 'phone': '+1-604-298-8201', 'addr:unit': '101'}",Mosaic Brentwood Language Centre,3.0
175,49.2689073,-123.1319354,2021-08-01T20:30:43.000-07:00,theatre,"{'theatre:type': 'amphi', 'lit': 'no', 'operator': 'Performance Works'}",The “Little” Amphitheatre,3.0
176,49.2812652,-123.0859633,2020-10-30T17:35:32.000-07:00,theatre,"{'addr:housenumber': '855', 'addr:street': 'East Hastings Street', 'addr:city': 'Vancouver'}",Red Gate Collective,3.0
177,49.2755353,-123.1345675,2015-04-14T21:43:43.000-07:00,fountain,"{'source:location': 'gps', 'source': 'survey'}",,2.0
178,49.1624436,-122.8414863,2016-11-29T07:36:22.000-08:00,theatre,"{'addr:housenumber': '13750', 'addr:street': '88 Avenue'}",Surrey Arts Centre - Main Stage,2.0
179,49.271232,-122.9648607,2021-11-27T04:43:10.000-08:00,social_facility,"{'phone': '+1-604-444-3773', 'website': 'https://www.dsrf.org/'}",Down Syndrome Resource Foundation,2.0
180,49.3269402,-122.9501617,2019-12-22T03:03:00.000-08:00,theatre,"{'addr:housenumber': '4360', 'addr:street': 'Gallant Avenue'}",Deep Cove Shaw Theatre,2.0
181,49.2481787,-122.8684462,2020-04-06T04:59:01.000-07:00,fountain,"{'drinking_water': 'no', 'fountain': 'Waterfall'}",Waterfall at Charland,2.0
182,49.2116851,-122.9601084,2021-04-18T03:24:25.000-07:00,clock,"{'support': 'tower', 'display': 'analog'}",,2.0
184,49.2090624,-122.9154277,2022-08-28T08:33:00.000-07:00,social_facility,"{'addr:housenumber': '310', 'addr:street': 'Sixth Street'}",Cana,2.0
185,49.0580701,-122.4675542,2017-05-31T13:40:36.000-07:00,social_facility,"{'social_facility:for': 'underprivileged', 'social_facility': 'food_bank'}",,2.0
187,49.2685914,-123.1309399,2021-08-01T20:32:22.000-07:00,theatre,"{'theatre:type': 'amphi', 'lit': 'no'}",,2.0
188,49.1060122,-122.661857,2019-10-12T05:06:36.000-07:00,clock,"{'support': 'pole', 'display': 'analog'}",,2.0
189,49.2848367,-123.1196736,2022-08-27T00:13:38.000-07:00,fountain,"{'drinking_water': 'no', 'fountain': 'decorative'}",,2.0
190,49.1993263,-122.812929,2018-10-10T04:04:24.000-07:00,social_facility,"{'addr:housenumber': '10825', 'addr:street': '148 Street'}",Peace Immigration and Refugee Welcome Centre,2.0
191,49.2659448,-123.157738,2022-08-04T22:12:33.000-07:00,social_facility,"{'operator': 'Kits House', 'social_facility': 'food_sharing'}",Community Pantry,2.0
192,49.0496391,-122.3029482,2015-08-01T18:08:44.000-07:00,social_facility,"{'entrance': 'yes', 'website': 'http://www.impactabby.com'}",¡impact! Youth & Family Substance Use Services,2.0
193,49.0613197,-122.3128348,2016-06-14T19:50:09.000-07:00,fountain,"{'natural': 'spring', 'loc_name': 'Shandell Spring'}",,2.0
194,49.2524624,-122.9007733,2018-05-08T07:58:33.000-07:00,fountain,"{'man_made': 'yes', 'description': 'Water feature that also serves as a sign for the Lougheed Village residential complex'}",,2.0
195,49.0065949,-122.7584246,2016-09-07T02:10:02.000-07:00,fountain,{'drinking_water': 'no'},,1.0
196,49.2323582,-123.0132618,2020-11-11T20:35:51.000-08:00,fountain,{'drinking_water': 'no'},,1.0
197,49.3383257,-123.0977794,2020-10-18T15:18:59.000-07:00,clock,{'display': 'sundial'},,1.0
198,49.1186476,-122.6598295,2018-02-27T04:47:10.000-08:00,social_facility,{'social_facility': 'group_home'},Ishtar,1.0
199,49.2600139,-123.1153253,2020-10-30T13:03:48.000-07:00,theatre,{'addr:city': 'Vancouver'},"Yuck, Yucks Comedy Club",1.0
200,49.0373132,-122.8014135,2021-11-29T15:19:00.000-08:00,clock,{'display': 'analog'},,1.0
201,49.0961547,-122.0447308,2018-03-13T17:04:58.000-07:00,clock,{'display': 'sundial'},,1.0
202,49.2463732,-122.8108576,2019-11-09T23:46:09.000-08:00,fountain,{'disused': 'yes'},,1.0
203,49.0454496,-122.2941797,2016-01-13T12:50:06.000-08:00,water_point,{'fee': 'yes'},McCallum Water Store,1.0
204,49.0912591,-123.0848102,2019-09-05T07:08:10.000-07:00,social_facility,{'social_facility': 'food_bank'},Deltassist,1.0
205,49.2033179,-122.9492097,2022-02-19T07:42:15.000-08:00,social_facility,{'social_facility:for': 'juvenile'},Aunt Leah's Place,1.0
206,49.1558522,-122.923471,2019-06-26T07:37:24.000-07:00,fountain,{'lit': 'yes'},Sunstone Fountain,1.0
207,49.2737748,-123.0987118,2018-06-24T17:49:12.000-07:00,marketplace,{'opening_hours': 'We 14:00-18:00'},Main St. Station Farmers Market,1.0
208,49.1908107,-122.848796,2021-01-07T09:49:51.000-08:00,fountain,{'drinking_water': 'no'},,1.0
209,49.098411,-122.678099,2020-01-30T19:51:12.000-08:00,fountain,{'operator': 'City of Langley'},,1.0
210,49.2907112,-123.126702,2020-08-01T02:19:39.000-07:00,fountain,{'source': 'survey'},,1.0
211,49.2900461,-123.1212822,2021-07-26T03:55:44.000-07:00,fountain,{'source': 'survey'},,1.0
212,49.1764282,-123.1334473,2022-04-23T19:35:21.000-07:00,university,{'level': '1'},Trinity Western University,1.0
213,49.3271158,-122.9500344,2019-12-22T03:03:00.000-08:00,theatre,{'theatre:type': 'amphi'},,1.0
214,49.2851373,-123.1283603,2013-05-26T19:14:53.000-07:00,fountain,{'source': 'survey'},,1.0
215,49.2807997,-123.126055,2021-10-30T21:21:24.000-07:00,fountain,{'drinking_water': 'no'},,1.0
216,49.2823734,-123.140523,2022-09-08T02:05:04.000-07:00,fountain,{'drinking_water': 'yes'},,1.0
217,49.2723046,-123.1401592,2013-06-04T00:51:53.000-07:00,fountain,{'source': 'survey'},,1.0
218,49.2566235,-122.8564915,2013-08-30T18:18:09.000-07:00,social_facility,{'social_facility': 'group_home'},Lakeshore Care Home,1.0
219,49.2699407,-123.1078413,2022-03-26T00:31:56.000-07:00,lounger,{'material': 'plastic'},,1.0
220,49.2699205,-123.1078363,2022-03-26T00:31:56.000-07:00,lounger,{'material': 'plastic'},,1.0
221,49.2699259,-123.1078628,2022-03-26T00:31:56.000-07:00,lounger,{'material': 'plastic'},,1.0
222,49.2639793,-123.0949276,2021-06-11T21:16:48.000-07:00,marketplace,{'opening_hours': 'Su 10:00-14:00'},Mount Pleasant Farmers Market,1.0
223,49.2621368,-123.1615562,2018-06-24T17:49:11.000-07:00,marketplace,{'opening_hours': 'Su 10:00-14:00'},Kitsilano Farmers Market,1.0
224,49.2799433,-123.1137757,2018-06-24T17:49:13.000-07:00,marketplace,{'opening_hours': 'Th 15:00-19:00'},Downtown Farmers Market,1.0
225,49.2579975,-123.0611751,2021-05-28T01:36:26.000-07:00,marketplace,{'opening_hours': 'Sa 09:00-14:00'},Trout Lake Farmer's Market,1.0
227,49.0269034,-122.426808,2019-01-17T20:46:11.000-08:00,fountain,{'fountain': 'aeration'},,1.0
228,49.03348,-122.8007654,2017-02-14T20:25:30.000-08:00,cinema,{'website': 'http://www.hollywood3.ca/listings/rialto-white-rock/'},Rialto White Rock,1.0
229,49.196528,-123.177766,2011-04-28T05:16:17.000-07:00,lounge,{'operator': 'JAL'},Sakura Lounge,1.0
230,49.1971369,-123.1757077,2012-11-17T03:14:13.000-08:00,lounge,{'operator': 'Air Canada'},Maple Leaf Lounge,1.0
231,49.198838,-123.181392,2011-04-28T05:16:17.000-07:00,lounge,{'operator': 'British Airways'},,1.0
232,49.267476,-123.1192433,2019-04-08T23:57:19.000-07:00,fountain,{'note': 'Great view of the Lions. Follow the line of red bricks.'},,1.0
234,49.2541793,-123.236261,2011-04-06T05:55:49.000-07:00,fountain,{'man_made': 'water_works'},,1.0
243,49.2851188,-123.113945,2021-12-12T03:59:40.000-08:00,clock,{'display': 'analog'},"""Meet You Under the Clock""",1.0
244,49.0465208,-122.2871385,2018-10-29T22:51:53.000-07:00,biergarten,{'covered': 'no'},,1.0
245,49.3874969,-123.074036,2022-08-16T21:26:32.000-07:00,Observation Platform,"{'website': 'https://grousemountain.com/eye-of-the-wind', 'generator:method': 'wind_turbine', 'man_made': 'tower', 'tourism': 'yes', 'description': 'Leitwind', 'generator:type': 'horizontal_axis', 'operator': 'Grouse Mountain Resort', 'tower:type': 'observation', 'manufacturer:type': '1.5 SLE', 'ref': 'GMT1', 'generator:output:electricity': '1.5 MW', 'generator:source': 'wind', 'power': 'generator', 'tower:construction': 'tower', 'start_date': '2010', 'height': '65 m'}",Eye of the Wind,16.0
246,49.1253223,-123.1828673,2020-02-19T03:52:40.000-08:00,post_office,"{'wheelchair': 'no', 'addr:housenumber': '3811', 'post_office:brand:wikidata': 'Q1032001', 'tourism': 'information', 'post_office:operator': 'Canada Post', 'information': 'office', 'addr:street': 'Moncton Street', 'addr:postcode': 'V7E 3A0', 'post_office:brand:wikipedia': 'en:Canada Post', 'post_office:brand': 'Canada Post'}",Steveston Village,10.0
247,49.2843841,-123.10889,2021-06-26T18:34:54.000-07:00,clock,"{'wheelchair': 'yes', 'addr:housenumber': '305', 'historic': 'monument', 'visibility': 'street', 'display': 'analog', 'tourism': 'attraction', 'wikipedia': 'en:Steam clock#Gastown steam clock', 'addr:street': 'Water Street', 'wikidata': 'Q107352564', 'support': 'ground'}",Gastown Steam Clock,10.0
248,49.3266818,-122.950121,2021-03-13T23:38:36.000-08:00,cafe,"{'website': 'https://honeydoughnuts.com', 'addr:housenumber': '4373', 'phone': '+1-604-929-4988', 'level': '0', 'opening_hours': '06:00-17:00; Dec 7 06:00-16:00; Dec 24 06:00-14:00; Dec 25 off; Dec 26 off; Dec 31 06:00-14:00; Jan 1 08:00-16:00', 'tourism': 'attraction', 'cuisine': 'donut', 'addr:street': 'Gallant Avenue', 'addr:city': 'North Vancouver'}",Honey Doughnuts & Goodies,9.0
249,49.2695175,-123.1398156,2022-04-08T23:03:09.000-07:00,fountain,"{'level:ref': 'L2', 'fountain': 'waterfall', 'lit': 'yes', 'covered': 'yes', 'tourism': 'attraction', 'drinking_water': 'no', 'operator': 'The Waterfall Building'}",The Waterfall,7.0
250,49.2851447,-123.1140076,2019-01-21T19:15:04.000-08:00,clock,"{'visibility': 'street', 'old_name': 'Trorey', 'display': 'analog', 'tourism': 'attraction', 'faces': '4', 'support': 'pole', 'operator': 'Birks'}",Birks Clock,7.0
251,49.048782,-122.3042782,2022-05-13T21:54:35.000-07:00,bench,"{'website': 'https://www.tourismabbotsford.ca/Benches', 'backrest': 'yes', 'artist_name': 'Norm Williams', 'tourism': 'artwork', 'artwork_type': 'sculpture', 'start_date': '2001'}",Valley Feed Bag bench,6.0
252,49.0491529,-122.2902052,2022-05-13T21:58:37.000-07:00,bench,"{'website': 'https://www.tourismabbotsford.ca/Benches', 'artist_name': 'Vladimir Chved', 'tourism': 'artwork', 'artwork_type': 'statue', 'operator': 'Dream Art Productions inc. (604)702 1129', 'start_date': '1999'}",Three Men Telling Tall Tales Bench 1999,6.0
253,49.0478988,-122.2904894,2022-05-13T22:10:14.000-07:00,bench,"{'tourism': 'artwork', 'inscription': 'Expressions bench sponsored by Abbotsford Arts Council 1999', 'website': 'https://www.tourismabbotsford.ca/Benches', 'artwork_type': 'sculpture', 'artist_name': 'Brian C. Davidson'}",Expressions,5.0
254,49.0499932,-122.290217,2022-05-13T21:49:21.000-07:00,bench,"{'tourism': 'artwork', 'description': 'Inspired by all who are dedicated to the care and protection of our natural environment', 'website': 'https://www.tourismabbotsford.ca/Benches', 'artwork_type': 'sculpture', 'material': 'wood'}",,5.0
255,49.0488691,-122.2886721,2022-05-13T21:51:32.000-07:00,bench,"{'tourism': 'artwork', 'description': 'The Abbotsford News', 'website': 'https://www.tourismabbotsford.ca/Benches', 'artwork_type': 'sculpture', 'artist_name': 'Norm Williams'}",STRAUSS AND GALLO WATCHING THE FARM,5.0
256,49.3047071,-123.0032112,2015-05-18T04:09:37.000-07:00,bench,"{'tourism': 'viewpoint', 'material': 'wood', 'seats': '6'}",,3.0
257,49.1998427,-122.5851295,2018-01-01T17:26:33.000-08:00,bench,"{'tourism': 'viewpoint', 'backrest': 'yes'}",,2.0
258,49.0691511,-122.2828813,2019-05-05T23:20:15.000-07:00,bench,"{'tourism': 'viewpoint', 'layer': '1'}",Co-op Community Viewing Platform,2.0
259,49.3617008,-123.1457361,2010-05-16T22:37:04.000-07:00,bench,{'tourism': 'picnic_site'},,1.0
260,49.3751531,-123.166041,2010-05-25T01:47:04.000-07:00,bench,{'tourism': 'picnic_site'},,1.0
261,49.2863422,-122.7869976,2013-01-20T03:38:20.000-08:00,shelter,{'tourism': 'information'},Trans Canada Trail Pavillion,1.0
262,49.2805577,-122.9349394,2013-01-20T03:38:19.000-08:00,shelter,{'tourism': 'information'},Trans Canada Trail Pavillion,1.0
263,49.194871,-122.5652559,2013-01-20T03:38:19.000-08:00,shelter,{'tourism': 'information'},Trans Canada Trail Pavillion,1.0
264,49.169281,-122.5755724,2013-01-20T03:38:19.000-08:00,shelter,{'tourism': 'information'},Trans Canada Trail Pavillion,1.0
265,49.122925,-122.3004412,2017-01-16T14:40:53.000-08:00,shelter,{'tourism': 'information'},Trans Canada Trail Pavillion,1.0
266,49.0996293,-122.0053302,2013-01-20T03:38:19.000-08:00,shelter,{'tourism': 'information'},Trans Canada Trail Pavillion,1.0
267,49.4063603,-123.2137333,2010-12-23T22:11:54.000-08:00,bench,{'tourism': 'viewpoint'},Bowen Lookout,1.0
268,49.3757549,-123.2590865,2022-06-20T06:11:06.000-07:00,bench,{'tourism': 'viewpoint'},,1.0
